site_id,system,channel,site_number,occupied,status,crop,variety,planted_date,planted_date_confidence,source,last_updated
C1S1,nft,C1,1,true,active,basil,Greek,2026-04-11,verified,structured_reconstructed_census,2026-06-09
C1S2,nft,C1,2,true,active,basil,Genovese,2026-03-29,medium,structured_reconstructed_census,2026-06-09
C1S3,nft,C1,3,true,active,basil,Genovese,2026-03-29,medium,structured_reconstructed_census,2026-06-09
C1S4,nft,C1,4,true,active,basil,Genovese,2026-03-29,medium,structured_reconstructed_census,2026-06-09
C1S5,nft,C1,5,true,active,basil,Genovese,2026-03-29,medium,structured_reconstructed_census,2026-06-09
C1S6,nft,C1,6,true,active,basil,Genovese,2026-03-29,medium,structured_reconstructed_census,2026-06-09
C1S7,nft,C1,7,true,active,basil,Genovese,2026-03-29,medium,structured_reconstructed_census,2026-06-09
C1S8,nft,C1,8,true,active,basil,Genovese,2026-03-29,medium,structured_reconstructed_census,2026-06-09
C1S9,nft,C1,9,true,active,basil,Genovese,2026-03-29,medium,structured_reconstructed_census,2026-06-09
C1S10,nft,C1,10,true,active,basil,Genovese,2026-03-29,medium,structured_reconstructed_census,2026-06-09
C1S11,nft,C1,11,true,active,basil,Genovese,2026-03-29,medium,structured_reconstructed_census,2026-06-09
C1S12,nft,C1,12,true,active,basil,Genovese,2026-03-29,medium,structured_reconstructed_census,2026-06-09
C1S13,nft,C1,13,true,active,basil,Genovese,2026-03-29,medium,structured_reconstructed_census,2026-06-09
C1S14,nft,C1,14,true,active,basil,Genovese,2026-03-29,medium,structured_reconstructed_census,2026-06-09
C1S15,nft,C1,15,true,active,basil,Genovese,2026-03-29,medium,structured_reconstructed_census,2026-06-09
C1S16,nft,C1,16,true,active,basil,Genovese,2026-03-29,medium,structured_reconstructed_census,2026-06-09
C1S17,nft,C1,17,true,active,basil,Genovese,2026-03-29,medium,structured_reconstructed_census,2026-06-09
C1S18,nft,C1,18,true,active,basil,Genovese,2026-03-29,medium,structured_reconstructed_census,2026-06-09
C1S19,nft,C1,19,true,active,basil,Greek,2026-04-11,verified,structured_reconstructed_census,2026-06-09
C2S1,nft,C2,1,true,active,basil,Greek,2026-04-11,verified,structured_reconstructed_census,2026-06-09
C2S2,nft,C2,2,true,active,basil,Genovese,2026-03-29,medium,structured_reconstructed_census,2026-06-09
C2S3,nft,C2,3,true,active,basil,Genovese,2026-03-29,medium,structured_reconstructed_census,2026-06-09
C2S4,nft,C2,4,true,active,basil,Genovese,2026-03-29,medium,structured_reconstructed_census,2026-06-09
C2S5,nft,C2,5,true,active,basil,Genovese,2026-03-29,medium,structured_reconstructed_census,2026-06-09
C2S6,nft,C2,6,true,active,basil,Genovese,2026-03-29,medium,structured_reconstructed_census,2026-06-09
C2S7,nft,C2,7,true,active,basil,Genovese,2026-03-29,medium,structured_reconstructed_census,2026-06-09
C2S8,nft,C2,8,true,active,basil,Genovese,2026-03-29,medium,structured_reconstructed_census,2026-06-09
C2S9,nft,C2,9,true,active,basil,Genovese,2026-03-29,medium,structured_reconstructed_census,2026-06-09
C2S10,nft,C2,10,true,active,basil,Genovese,2026-03-29,low,structured_reconstructed_census,2026-06-09
C2S11,nft,C2,11,true,active,basil,Genovese,2026-03-29,low,structured_reconstructed_census,2026-06-09
C2S12,nft,C2,12,true,active,basil,Genovese,2026-03-29,low,structured_reconstructed_census,2026-06-09
C2S13,nft,C2,13,true,active,basil,Genovese,2026-03-29,low,structured_reconstructed_census,2026-06-09
C2S14,nft,C2,14,true,active,basil,Genovese,2026-03-29,low,structured_reconstructed_census,2026-06-09
C2S15,nft,C2,15,true,active,basil,Genovese,2026-03-29,low,structured_reconstructed_census,2026-06-09
C2S16,nft,C2,16,true,active,basil,Genovese,2026-03-29,low,structured_reconstructed_census,2026-06-09
C2S17,nft,C2,17,true,active,basil,Genovese,2026-03-29,low,structured_reconstructed_census,2026-06-09
C2S18,nft,C2,18,true,active,basil,Thai,2026-06-14,verified,structured_reconstructed_census,2026-06-14
C2S19,nft,C2,19,false,empty,,,,unknown,structured_reconstructed_census,2026-06-14
C3S1,nft,C3,1,true,active,basil,Lemon,2026-06-28,high,structured_reconstructed_census,2026-06-28
C3S2,nft,C3,2,true,active,basil,Genovese,2026-06-13,verified,structured_reconstructed_census,2026-06-13
C3S3,nft,C3,3,true,active,basil,Genovese,2026-05-06,low,structured_reconstructed_census,2026-06-09
C3S4,nft,C3,4,true,active,basil,Genovese,2026-05-06,low,structured_reconstructed_census,2026-06-09
C3S5,nft,C3,5,true,active,basil,Genovese,2026-05-06,low,structured_reconstructed_census,2026-06-09
C3S6,nft,C3,6,true,active,basil,Genovese,2026-05-06,low,structured_reconstructed_census,2026-06-09
C3S7,nft,C3,7,true,active,basil,Genovese,2026-05-06,low,structured_reconstructed_census,2026-06-09
C3S8,nft,C3,8,true,active,basil,Genovese,2026-05-06,low,structured_reconstructed_census,2026-06-09
C3S9,nft,C3,9,true,active,basil,Genovese,2026-06-23,high,structured_reconstructed_census,2026-06-30
C3S10,nft,C3,10,false,empty,,,,unknown,structured_reconstructed_census,2026-06-14
C3S11,nft,C3,11,true,active,basil,Opal,2026-05-06,high,structured_reconstructed_census,2026-06-14
C3S12,nft,C3,12,true,active,basil,Holy,2026-05-06,high,structured_reconstructed_census,2026-06-09
C3S13,nft,C3,13,true,active,basil,Holy,2026-05-06,high,structured_reconstructed_census,2026-06-09
C3S14,nft,C3,14,true,active,basil,Opal,2026-05-06,high,structured_reconstructed_census,2026-06-09
C3S15,nft,C3,15,true,active,basil,Genovese,2026-06-12,verified,structured_reconstructed_census,2026-06-12
C3S16,nft,C3,16,true,active,basil,Genovese,2026-06-12,verified,structured_reconstructed_census,2026-06-12
C3S17,nft,C3,17,false,empty,,,,unknown,structured_reconstructed_census,2026-06-09
C3S18,nft,C3,18,false,empty,,,,unknown,structured_reconstructed_census,2026-06-09
C3S19,nft,C3,19,false,empty,,,,unknown,structured_reconstructed_census,2026-06-14
C4S1,nft,C4,1,false,empty,,,,unknown,structured_reconstructed_census,2026-06-09
C4S2,nft,C4,2,true,active,basil,Genovese,2026-06-13,verified,structured_reconstructed_census,2026-06-13
C4S3,nft,C4,3,true,active,basil,Genovese,2026-06-13,verified,structured_reconstructed_census,2026-06-13
C4S4,nft,C4,4,true,active,basil,Genovese,2026-06-13,verified,structured_reconstructed_census,2026-06-13
C4S5,nft,C4,5,true,active,basil,Genovese,2026-06-13,verified,structured_reconstructed_census,2026-06-13
C4S6,nft,C4,6,true,active,basil,Genovese,2026-06-13,verified,structured_reconstructed_census,2026-06-13
C4S7,nft,C4,7,true,active,basil,Genovese,2026-06-13,verified,structured_reconstructed_census,2026-06-13
C4S8,nft,C4,8,true,active,basil,Genovese,2026-06-13,verified,structured_reconstructed_census,2026-06-13
C4S9,nft,C4,9,true,active,basil,Genovese,2026-06-23,high,structured_reconstructed_census,2026-06-30
C4S10,nft,C4,10,true,active,basil,Opal,2026-06-28,high,structured_reconstructed_census,2026-06-28
C4S11,nft,C4,11,true,active,basil,Lemon,2026-06-28,high,structured_reconstructed_census,2026-06-28
C4S12,nft,C4,12,true,active,basil,Holy,2026-06-28,high,structured_reconstructed_census,2026-06-28
C4S13,nft,C4,13,false,empty,,,,unknown,structured_reconstructed_census,2026-06-09
C4S14,nft,C4,14,false,empty,,,,unknown,structured_reconstructed_census,2026-06-09
C4S15,nft,C4,15,false,empty,,,,unknown,structured_reconstructed_census,2026-06-09
C4S16,nft,C4,16,false,empty,,,,unknown,structured_reconstructed_census,2026-06-09
C4S17,nft,C4,17,false,empty,,,,unknown,structured_reconstructed_census,2026-06-09
C4S18,nft,C4,18,false,empty,,,,unknown,structured_reconstructed_census,2026-06-09
C4S19,nft,C4,19,false,empty,,,,unknown,structured_reconstructed_census,2026-06-09
